Workbook

Sheet tech report
A1: ='gen-abstract'!A2 -> NAME OF WORK :- Construction of Additional Session Judge Bungalow at Nathdwara
A3: Technical Report
A5: 1. Name of Work | C5: : | D5: Construction of Judicial Courts Building at Nathdwara
A7: 2. Administrative Sanction | C7: :
A9: 3.Location | C9: : | D9: The proposed Judicial Courts shall be constructed at NATHDWARA, Rajsamand
A11: 4. Specifications | C11: : | D11: The general specifications adopted for the work are in accordance with the P.W.D. detailed specifications. Brief specifications are narrated below:-
B12: Judicial Courts Building & Bar Wing & PP Wing Building
B13: I Foundation concrete | C13: : | D13: Cement concrete 1:4:8 , 300 mm thick.
B15: II Masonry for Foundation | C15: : | D15: Random rubble stone masonry in cement sand mortar 1:6
B17: III Damp proof coarse | C17: : | D17: 100 mm thick R.C.C. M-20.
B19: IV Super structure masonry | C19: : | D19: Stone masonry in cement sand mortar 1:6 walls.
B21: V Lintels | C21: : | D21: R.C.C. M-20 with steel reinforcement.
B23: VI Partition | C23: : | D23: Bricks class 75 in cement sand mortar 1:4 (115 mm thick)
B25: VII Base of Flooring | C25: : | D25: 100 mm thick in 1:5 :10 mix over 230 mm thick dry stone kharanja.
B27: VIII Flooring | C27: (I) Judicial Courts Building
D28: Kota Stone Flooring :- 25 mm thick blue Kota stone flooring laid over 20 thick base of 1 : 4 CSM in all rooms and Corridor except entrance hall..
D29: Marble Slab Flooring :- In Entrance Hall 18 to 20 mm thick Rajnagar grade I Marble slab flooring laid over 20 thick base of 1 : 4 CSM.
D30: White Glazed Tiles:- In all toilets and sanitary units I class white glazed tiles dado shall be provided.
C31: (II) Bar Wing & PP Wing
D32: Kota Stone Flooring :- 25 mm thick blue Kota stone flooring laid over 20 thick base of 1 : 4 CSM in all rooms and Corridor except entrance hall..
D33: White Glazed Tiles:- In all toilets and sanitary units I class white glazed tiles dado shall be provided.
B35: IX Plaster | C35: : | D35: 20 mm thick in cement mortar 1:6 over stone masonry and 20 mm thick in cement mortar 1:6 over brick masonry. Araish plaster shall be applied on inside walls and ceilings.
B37: X Joinery frames | C37: : | D37: Door frames of mild steel selection built with T- Section (Angle 50 x 50 x 6 mm and flat 50 x 6 mm)
B39: XI Door Shutters | C39: : | D39: 35 mm thick fully panelled doors with Assam Teak wood frame with 12 mm thick Shuttering Ply Panels for doors 1005 to 1200 mm wide and for other doors 30 mm thick fully panelled doors with Assam Teak wood frame with 9 mm thick Shuttering Ply Panels.
B41: XII Finishing | C41: : | D41: Finishing with water cement paint at outside, Oil Bound distemper at inside all rooms and ceilings; enamel paints on wood and steel work.
B43: Sanitary work | C43: : | D43: As per P.W.D. specification.
B45: Compound Wall
B46: I Foundation concrete | C46: : | D46: Cement concrete 1:4:8 , 150 mm thick.
B48: II Masonry for Foundation | C48: : | D48: Random rubble stone masonry in cement sand mortar 1:8
B50: III Super structure masonry | C50: : | D50: Stone masonry in cement sand mortar 1:8 walls.
B53: IV Plaster | C53: : | D53: 20 mm thick in cement mortar 1:6 over stone masonry and 20 mm thick in cement mortar 1:6 over brick masonry. Araish plaster shall be applied on inside walls and ceilings.
B55: V Finishing | C55: : | D55: Finishing with water cement paint at outside, enamel paints on steel work gates and cow catcher.
B56: Parking Shed
B57: I Foundation concrete | C57: : | D57: Cement concrete 1:4:8 , 150 mm thick.
B59: II Masonry for Foundation | C59: : | D59: Random rubble stone masonry in cement sand mortar 1:6
B61: III Roofing | C61: : | D61: R.C.C. M-20 with steel reinforcement.
B63: IV Base of Flooring | C63: : | D63: 100 mm thick in 1:5 :10 mix over 230 mm thick dry stone kharanja.
B65: V Flooring | D65: 20 mm thick Chequered Tiles flooring laid over 20 mm thick cement sand mortar mix 1 : 6.
A66: 5. Scope of work | C66: :
B67: (I) Judicial Courts Building | D67: Plinth Area GF 2244.20 Sqm, FF 16.70 Sqm. Total 2260.90 Sqm
D68: Judicial Courts Building consists of Ground Floor with 3 Nos. Court Halls (I/c PA Room & Chamber), 4 Nos. Staff Rooms, Najeer Section room, Malkhana, Record Room, Library, 3 Nos. Ante Rooms, Staircase, 3 Nos. Reader rooms, 5 Nos. Toilets, 2 Nos. Unassigned Rooms, Entrance Hall and corridors.. In First floor only one head room.
B70: (II) Bar Wing & PP Wing Building | D70: Plinth Area GF 927.10 Sqm, FF 40.10 Sqm. Total 967.20 Sqm
D71: Bar Wing & PP Wing Building consists of Ground Floor with Litigant Shed, Stamp Vendor Room, Bar Room, Chamber, Chowkidar Room, canteen 2 Nos. Staff Rooms, 2 Nos. PP Rooms, Conference Hall, Male Female lockups, 2 Nos. Staircase, 8 Nos. Toilets and Verandah. In First floor only two head rooms.
B73: Compound Wall | D73: 1270 M long and 1.50 M high compound wall is included in the scope of the project. It also consists 2 Nos. Gates and 2 Nos. Cow Catchers.
B75: External Water Supply | D75: (I) 1250 M long 50mm dia. GI pipe line from PHED line to campus sump. (II) 10 nos. Sumps size 2.50 x 1.50 x1.50 M (III) 1 No. Sump of size 8.00 x 3.00 x 1.50 M and (IV) 1 no. 7.5 HP submersible pump set.
B77: Parking Shed | D77: (I) Car Parking shed 1 no. Size 18.00 x 6.00 M (II) Scooter Stands 2 nos. Size 18.00 x 3.00 M.
B79: Development Work | D79: Open excavation for levelling of inside court yard of the Judicial Court Building is included in the scope of the project.
A81: 6. Basis of Estimate | C81: : | D81: Estimate prepared on the basis of PWD B.S.R. -1998.
A83: 7. Estimated Cost | C83: : | D83: Estimated cost of work comes to Rs. 185.25 Lacs. Provision for electric works is incorporated in the estimate @ 7% of the cost of the civil work. It includes contingencies @ 1.50% and the Prorata charges @ 13%.
A85: 8. Drawings | C85: : | D85: Plan, elevation & section are enclosed.
A87: 9. Agency | C87: : | D87: Work shall be carried out through contractor after inviting Bids.
A90: ASSISTANT ENGINEER, | D90: EXECUTIVE ENGINEER,
A91: P.W.D. Sub Div.- NATHDWARA | D91: P.W.D. Div.- Rajsamand

Sheet gen-abstract
A2: NAME OF WORK :- Construction of Additional Session Judge Bungalow at Nathdwara
A5: GENERAL ABSTRACT OF COST
B7: PART 'A' CIVIL WORK GROUND FLOOR | F7: Rs. | G7: =GF1_ABS!G55 -> 1125396
B9: PART 'B' SANITARY & WATER SUPPLY WORK | F9: Rs. | G9: ='sanitary-abs'!G51 -> 127989
F11: TOTAL Rs. | G11: =SUM(G7:G9) -> 1253385
B13: Add @ 7 % for Electrification On Civil Work Part 'A'
C14: i.e. on Rs. | D14: =G7 -> 1125396 | F14: Rs. | G14: =ROUNDUP(D14*0.07,0) -> 78778
F15: TOTAL Rs. | G15: =SUM(G11:G14) -> 1332163
B17: Add Prorata Charges @ 13% | G17: =ROUNDUP(G15*0.13,0) -> 173182
E18: GRAND TOTAL Rs. | G18: =SUM(G15:G17) -> 1505345
B23: ASSISTANT ENGINEER, | F23: EXECUTIVE ENGINEER,
B24: P.W.D. Sub Div.- NATHDWARA | F24: P.W.D. Div.- RAJSAMAND

Sheet GF1_ABS
A1: ='gen-abstract'!A2 -> NAME OF WORK :- Construction of Additional Session Judge Bungalow at Nathdwara
A2: PART 'A' CIVIL WORK GROUND FLOOR
A3: ABSTRACT OF COST
A4: S.No. | B4: Particulars. | C4: Quantity | E4: Rate | F4: Unit | G4: Amount
A5: 1 | B5: Earth work in excavation in foundation trenches or drains including dressing of sides and ramming of bottoms, lift upto 1.5 Mtr. including taking out the excavated soil and depositing and refilling of Jhiri with watering and ramming and disposal of surplus excavated soil as directed within a lead of 50 m. 'Hard soil mixed with boulders | C5: =GF1_MES!K67 -> 63.8991 | D5: Cum | E5: 37.1 | F5: P Cum | G5: =IF(C5,ROUNDUP(C5*E5,0),"") -> 2371
A6: =A5+1 -> 2 | B6: Earth work in excavation in foundation trenches or drains including dressing of sides and ramming of bottoms, lift upto 1.5 Mtr. including taking out the excavated soil and depositing and refilling of Jhiri with watering and ramming and disposal of surplus excavated soil as directed within a lead of 50 m. including stacking material available.
B7: (a) Decomposed Rock | C7: =GF1_MES!K70 -> 25.55964 | D7: Cum | E7: 44.5 | F7: P Cum | G7: =IF(C7,ROUNDUP(C7*E7,0),"") -> 1138
B8: (b) Ordinary Rock | C8: =GF1_MES!K72 -> 25.55964 | D8: Cum | E8: 58 | F8: P Cum | G8: =IF(C8,ROUNDUP(C8*E8,0),"") -> 1483
B9: (c) Phylite Rock | C9: =GF1_MES!K74 -> 12.77982 | D9: Cum | E9: 85 | F9: P Cum | G9: =IF(C9,ROUNDUP(C9*E9,0),"") -> 1087
A10: 3 | B10: Filling in plinth available excavated earth (excluding rock) in trenches, plinth side of foundation, etc. in layers not exceeding 20 cm. in depth, consolidating each deposited layer by ramming and watering including lead upto 50 Mtr and lift upto 1.5 Mtr. | C10: =GF1_MES!K90 -> 71.69586 | D10: Cum. | E10: 9 | F10: P Cum. | G10: =IF(C10,ROUNDUP(C10*E10,0),"") -> 646
A11: =A10+1 -> 4 | B11: Earth work in excavation over areas (Exceeding 30 cm in depth, 1.5 m in width as well as 10 Sqm on plan) including disposal of excavated earth , lead upto 50 m and lift upto 1.5 Mtr., disposed soil to be neatly dressed; Hard soil mixed with boulders. | C11: =GF1_MES!K95 -> 7.79676 | D11: Cum. | E11: 29.7 | F11: P Cum. | G11: =IF(C11,ROUNDUP(C11*E11,0),"") -> 232
A12: =A11+1 -> 5 | B12: Carriage of earth including loading, unloading complete with lead 0.50 KM. | C12: =GF1_MES!K98 -> 7.79676 | D12: Cum. | E12: 30.5 | F12: P Cum. | G12: =IF(C12,ROUNDUP(C12*E12,0),"") -> 238
A13: 6 | B13: Providing and laying Cement concrete including curing compaction etc. complete using stone aggregate 40 mm nominal size in foundation plinth, excluding the cost of shuttering, using : 1 Cement : 4 Sand : 8 aggregate Mix. | C13: =GF1_MES!K102 -> 45.3744 | D13: Cum | E13: 910 | F13: P Cum | G13: =IF(C13,ROUNDUP(C13*E13,0),"") -> 41291
A14: =A13+1 -> 7 | B14: R.R. Stone masonry for foundation and plinth in cement sand mortar 1:6 for above 30 cms thick walls. | C14: =GF1_MES!K118 -> 183.78132 | D14: Cum | E14: =550+140 -> 690 | F14: P Cum | G14: =IF(C14,ROUNDUP(C14*E14,0),"") -> 126810
A15: =A14+1 -> 8 | B15: R.R. Stone masonry for super structure upto 4.5 m height above plinth level in cement sand mortar 1:6 for walls upto 30 cms in thickness. | C15: =GF1_MES!K146 -> 106.9002 | D15: Cum | E15: 785 | F15: P Cum | G15: =IF(C15,ROUNDUP(C15*E15,0),"") -> 83917
A16: 9 | B16: Add extra for pillar masonry including bed plates as per specification (Bed plates to be paid separately) in cement sand mortar 1:4 | C16: =GF1_MES!K149 -> 6.21 | D16: Cum | E16: 285 | F16: P Cum | G16: =IF(C16,ROUNDUP(C16*E16,0),"") -> 1770
A17: =A16+1 -> 10 | B17: Half brick masonry in super structure using bricks of class designation 75 in Cement Mortar 1:4 ( 1 cement : 4 coarse sand) | C17: =GF1_MES!K167 -> 266.3625 | D17: Sqm | E17: =140+4 -> 144 | F17: P Sqm | G17: =IF(C17,ROUNDUP(C17*E17,0),"") -> 38357
A18: =A17+1 -> 11 | B18: Brick work in superstructure upto 4.5 metre height above plinth level Cement Mortar 1:4 with bricks are class designation 75. | C18: =GF1_MES!K172 -> 5.18985 | D18: Cum | E18: =1100+32 -> 1132 | F18: P Cum | G18: =IF(C18,ROUNDUP(C18*E18,0),"") -> 5875
A19: 12 | B19: Centering & shuttering with plywood or steel sheets including strutting propping, bracing both ways with wooden members and removal of form work
B20: (A) For foundation in basements, rafts, footings, strap beams, bases of columns etc. upto plinth level | C20: =GF1_MES!K178 -> 56.241 | D20: Sqm | E20: 53 | F20: P Sqm | G20: =IF(C20,ROUNDUP(C20*E20,0),"") -> 2981
B21: (B) For suspended floors, roofs, landing staircases, landing balconies, girders, cantilevers, bands, copings, bed plates, anchor blocks, sills, chajjas etc. for superstructure upto 4.5 Mtr. height above plinth level | C21: =GF1_MES!K250 -> 449.9691 | D21: Sqm | E21: 70 | F21: P Sqm | G21: =IF(C21,ROUNDUP(C21*E21,0),"") -> 31498
A22: =A19+1 -> 13 | B22: Providing and laying cement concrete and RCC work including curing, compaction, finishing with rendering in cement sand mortar 1:3 (1 cement , 3 : coarse sand) and making good the joints excluding cost of centering and shuttering and reinforcement. 'M-20 grade mix 1:1.5:3(1:cement, :1.5- coarse Sand: 3- graded stone aggregate 20 mm nominal size). (A) In suspended floors, roofs, girders, cantilevers, staircases, landings, balconies, bands, copings, bed plates, anchor blocks, sill, and beams etc. upto 4.5 m height above plinth level. | C22: =GF1_MES!K297 -> 58.160896 | D22: Cum | E22: =1860+21 -> 1881 | F22: P Cum | G22: =IF(C22,ROUNDUP(C22*E22,0),"") -> 109401
B23: (B) In Lintels, chajjas, Shelves, vertical and horizontal individually or forming box louvers, bands and facias and fins etc.. upto 4.5 m height above plinth level | C23: =GF1_MES!K314 -> 15.440578 | D23: Cum | E23: =1860+60 -> 1920 | F23: P Cum | G23: =IF(C23,ROUNDUP(C23*E23,0),"") -> 29646
B24: (C) In foundations rafts , footings, strap beams, bases of columns | C24: =GF1_MES!K319 -> 11.3436 | D24: Cum | E24: 1860 | F24: P Cum | G24: =IF(C24,ROUNDUP(C24*E24,0),"") -> 21100
A25: =A22+1 -> 14 | B25: Providing and fabrication steel reinforcement for R.C.C. work including cutting, bending, placing in position and binding complete including cost of binding wire in foundations, Raft footing step Beams base of column etc. upto plinth level. Hot rolled deformed (IS : 1139) cold twisted (IS : 1786) bars. | C25: =GF1_MES!K324 -> 8267.6354 | D25: Kg | E25: 18.65 | F25: P Kg | G25: =IF(C25,ROUNDUP(C25*E25,0),"") -> 154192
A26: 15 | B26: Plaster on new surface on walls in cement sand mortar 1:6 including raking of joints etc. complete fine finished : 20 mm thick. | C26: =GF1_MES!K386 -> 1180.832 | D26: Sqm | E26: 37 | F26: P Sqm | G26: =IF(C26,ROUNDUP(C26*E26,0),"") -> 43691
A27: 16 | B27: Plaster on new surface over ceiling in cement sand mortar 1:3 including raking of joints etc. complete fine finished :12 mm thick. | C27: =GF1_MES!K390 -> 295.5186 | D27: Sqm | E27: 55 | F27: P Sqm | G27: =IF(C27,ROUNDUP(C27*E27,0),"") -> 16254
A28: 17 | B28: Random rubble dry stone kharanja under floor. | C28: =GF1_MES!K392 -> 13.741706 | D28: Cum | E28: 180 | F28: P Cum | G28: =IF(C28,ROUNDUP(C28*E28,0),"") -> 2474
A29: =A28+1 -> 18 | B29: =GF1_MES!B394 -> Providing and fixing T-iron/angle iron frames for doors windows and ventilators of mild steel tee or angle sections joints mitered and welded with 15 x 3 mm lugs, 10 cm. long embedded in cement concrete blocks 15x15x10 cm. size of 1:3:6 (1 cement : 3 coarse sand : 6 graded stone aggregate 20 mm nominal size) or with wooden plugs and screws or rawl plugs and screws or with fixing clips and screws or with bolt and nuts as required including fixing of necessary butt hinges and screws and applying a priming coat of approved steel primer. | C29: =GF1_MES!K401 -> 762.5385 | D29: Kg | E29: 26 | F29: P Kg | G29: =IF(C29,ROUNDUP(C29*E29,0),"") -> 19827
A30: 19 | B30: Providing and fixing steel glazed doors windows and ventilator shutters of standard rolled steel section joints mitered and welded with steel lugs 13x3 mm, 10 cm long embedded in cement concrete block 15x10x10 cm. of 1:3:6 (1 cement : 3 coarse sand : 6 graded stone aggregate 20 mm nominal size) or with wooden plugs and screws or with fixing clips and screws or with bolt and nuts as required including providing & fixing of plain glass panes 3 mm thick with glazing clips and special metals sash putty of approved make or metal beading with screws complete including priming coat of approved steel primer excluding cost of metal beading and other fixing except necessary hinges of pivots steel handles peg stay etc. as required. Partly Fixed and Partly Openable (Fixed area not to exceed 33%). | C30: =GF1_MES!K409 -> 68.6025 | D30: Sqm | E30: 700 | F30: P Sqm | G30: =IF(C30,ROUNDUP(C30*E30,0),"") -> 48022
A31: =A30+1 -> 20 | B31: Providing and fixing square bars or other flat welded to window, ventilators etc. | C31: =GF1_MES!K418 -> 690.0345 | D31: Kg | E31: 19 | F31: P Kg | G31: =IF(C31,ROUNDUP(C31*E31,0),"") -> 13111
A32: =A31+1 -> 21 | B32: Supplying and fixing wire gauge of 14 mesh x 24 gauge to the metal frame of rolled section by metal beading 20 x 3 mm with suitable screw at not exceeding 150 mm distance. | C32: =GF1_MES!K420 -> 54.882 | D32: Sqm | E32: 185 | F32: P Sqm | G32: =IF(C32,ROUNDUP(C32*E32,0),"") -> 10154
A33: =A32+1 -> 22 | B33: Supplying and fixing in cement mortar welded hand railing made out of MS round or square bars flats. etc. for staircase or verandah as per design complete in all respect (wooden or PVC hand railing to be paid extra) with priming coat of red oxide. | C33: =GF1_MES!K430 -> 511.23125 | D33: Kg | E33: 30 | F33: P Kg | G33: =IF(C33,ROUNDUP(C33*E33,0),"") -> 15337
A34: 23 | B34: Cement concrete including curing compaction etc. complete using stone aggregate 40 mm nominal size in foundation plinth, excluding the cost of shuttering, using : 1 Cement : 5 Sand : 10 aggregate Mix. (under floor) | C34: =GF1_MES!K432 -> 5.974655 | D34: Cum | E34: 850 | F34: P Cum | G34: =IF(C34,ROUNDUP(C34*E34,0),"") -> 5079
A35: 24 | B35: Polished Blue Kota stone flooring skirting laid over 20 mm thick base CM 1:4 and jointed with Grey cement slurry to match the shade of the slab including rubbing and polishing complete
B36: (a) for area of each slab from 901 to 2000 sq. cm 20 mm thick slab. | C36: =GF1_MES!K437 -> 21.922 | D36: Sqm | E36: 270 | F36: P Sqm | G36: =IF(C36,ROUNDUP(C36*E36,0),"") -> 5919
B37: (b) for area of each slab from 2001 to 5000 sq. cm 20 mm thick slab. | C37: =GF1_MES!K480 -> 301.6281 | D37: Sqm | E37: 300 | F37: P Sqm | G37: =IF(C37,ROUNDUP(C37*E37,0),"") -> 90489
A38: 25 | B38: Supplying and fixing in wall machine cut and polished stone shelves, tands and sills in cement mortar 1:3 with machine cut edge. | G38: =IF(C38,ROUNDUP(C38*E38,0),"")
B39: (A) Kota stone 25 to 30 mm thick | C39: =GF1_MES!K505 -> 83.73 | D39: Sqm | E39: 295 | F39: P Sqm | G39: =IF(C39,ROUNDUP(C39*E39,0),"") -> 24701
B40: (B) Sand or other approved stone 50 mm thick | C40: =GF1_MES!K510 -> 18 | D40: Sqm | E40: 255 | F40: P Sqm | G40: =IF(C40,ROUNDUP(C40*E40,0),"") -> 4590
A41: =A38+1 -> 26 | B41: Providing and fixing fully panelled double leaf shutter for doors as per approved design and drawings with approved ordinary C.P./oxidised steel fittings as per Annexure `A’ and width of styles & top rails of 100 mm and bottom & lock rails width of 150 mm and intermediate styles including teak wood mouldings and beading to 25x5 mm size on both face complete . Assam teak wood grade I 35 mm thick . 12 mm thick shuttering ply (Kit ply make) both faces panels. | C41: =GF1_MES!K513 -> 5.67 | D41: Sqm | E41: 1240 | F41: P Sqm | G41: =IF(C41,ROUNDUP(C41*E41,0),"") -> 7031
A42: 27 | B42: Providing and fixing fully panelled Single leaf shutter for doors as per approved design and drawings with approved ordinary C.P./oxidised steel fittings as per Annexure `A’ and width of styles & top rails of 100 mm and bottom & lock rails width of 150 mm and intermediate styles including teak wood mouldings and beading to 25x5 mm size on both face complete . Assam teak wood grade I 35 mm thick . 12 mm thick shuttering ply (Kit ply make) both faces panels. | C42: =GF1_MES!K519 -> 38.619 | D42: Sqm | E42: =0.8*1240 -> 992 | F42: P Sqm | G42: =IF(C42,ROUNDUP(C42*E42,0),"") -> 38311
A43: 28 | B43: Distempering with oil bound washable distemper of approved brand & manufacture to give an even shade including all scaffolding, New work (two or more coats over and including priming coat with distemper primer). | C43: =GF1_MES!K524 -> 920.7851 | D43: Sqm | E43: 17.6 | F43: P Sqm | G43: =IF(C43,ROUNDUP(C43*E43,0),"") -> 16206
A44: =A43+1 -> 29 | B44: Finishing wall with water proofing cement paint of approved brand & manufacture and of required shade to give an even shade including all scaffolding New Work (Three or more coat). | C44: =GF1_MES!K526 -> 596.493 | D44: Sqm | E44: 15 | F44: P Sqm | G44: =IF(C44,ROUNDUP(C44*E44,0),"") -> 8948
A45: =A44+1 -> 30 | B45: Applying priming coat with ready mix pink or Grey primer of approved brand and manufacture on wood work hard and soft wood. | C45: =GF1_MES!K534 -> 360.75675 | D45: Sqm | E45: 9 | F45: P Sqm | G45: =IF(C45,ROUNDUP(C45*E45,0),"") -> 3247
A46: =A45+1 -> 31 | B46: Painting with enamel paint of approved brand and manufacture to give an even shade two or more coats on new work. | C46: =GF1_MES!K536 -> 360.75675 | D46: Sqm | E46: 24 | F46: P Sqm | G46: =IF(C46,ROUNDUP(C46*E46,0),"") -> 8659
A47: 32 | B47: Spreading of hot blown bitumen (IS grade 85/25, 90/25 industrial grade) applied at 175 to 180 C @ rate of 1.75 Kg. per Sqm. complete. | C47: =GF1_MES!K547 -> 264.568 | D47: Sqm | E47: 20 | F47: P Sqm | G47: =IF(C47,ROUNDUP(C47*E47,0),"") -> 5292
A48: 33 | B48: Providing brick kharanja in cement sand mortar 1 : 4 in square pattern over roof of ground floor 75 to 100 mm thick average. | C48: =GF1_MES!K547 -> 264.568 | D48: Sqm | E48: 91 | F48: P Sqm | G48: =IF(C48,ROUNDUP(C48*E48,0),"") -> 24076
A49: 34 | B49: Providing batta (gola) 75 mm x 75 mm in cement concrete (1 :2 :4) including finishing with cement mortar 1 : 3 as per standard design. | C49: =GF1_MES!K550 -> 66.142 | D49: RM | E49: 18 | F49: P RM | G49: =IF(C49,ROUNDUP(C49*E49,0),"") -> 1191
A50: 35 | B50: Finishing with 25 mm thick cement plaster on roofs in cement sand mortar 1:4 mix including water proofing compound @ 2% of cement used with neat cement finishing, curing etc. complete in all respects. | C50: =GF1_MES!K551 -> 264.568 | D50: Sqm | E50: 60 | F50: P Sqm | G50: =IF(C50,ROUNDUP(C50*E50,0),"") -> 15875
A51: 36 | B51: Providing and fixing Ist quality white Glazed Tiles of approved make & size (Somani, Johnson etc.) 5 mm thick in walls, floors, steps, pillars etc. laid on a bed of neat cement slurry finished with flush pointing with white cement ( excluding cost of cement plaster) | C51: =GF1_MES!K558 -> 75.69 | D51: Sqm | E51: 425 | F51: P Sqm | G51: =IF(C51,ROUNDUP(C51*E51,0),"") -> 32169
A52: 37 | B52: =GF1_MES!B559 -> Supplying and fixing ashlar rain water spouts fine ( 3 line) dressed as per approved design of size 60 x 30 x 25 cm. | C52: =GF1_MES!K560 -> 10 | D52: Nos. | E52: 240 | F52: Each | G52: =IF(C52,ROUNDUP(C52*E52,0),"") -> 2400
A53: 38 | B53: Providing and fixing precast cement concrete coping 1:2:4 mix 50 mm thick complete as per specification . | C53: =GF1_MES!K564 -> 53.163 | D53: Sqm | E53: 85 | F53: P Sqm | G53: =IF(C53,ROUNDUP(C53*E53,0),"") -> 4519
A54: 39 | B54: Supplying and fixing rolling shutters of approved make, made of 80 x 1.25 mm MS laths interlocked together through their entire length and jointed together at the end by end locks mounted on specially designed pipe shaft with brackets, side guides and arrangement for inside and outside locking with push and pull operation complete including cost of spring hooks, providing and fixing necessary 25.3 cm long wire springs grade No.2 and MS top cover 1.25 mm thick for rolling shutters as per design. (Clear openable area to be measured.) | C54: =GF1_MES!K565 -> 6.48 | D54: Sqm | E54: 585 | F54: P Sqm | G54: =IF(C54,ROUNDUP(C54*E54,0),"") -> 3791
E55: Total | F55: Rs. | G55: =SUM(G5:G54) -> 1125396
B58: ASSISTANT ENGINEER, | D58: EXECUTIVE ENGINEER,
B59: P.W.D. Sub Div.- NATHDWARA | D59: P.W.D. Div.- RAJSAMAND

Sheet GF1_MES
A1: ='gen-abstract'!A2 -> NAME OF WORK :- Construction of Additional Session Judge Bungalow at Nathdwara
A2: PART 'A' CIVIL WORK GROUND FLOOR
A3: DETAILS OF MEASUREMENTS
A4: S.N. | B4: Particulars | C4: Nos. | E4: Length | G4: Breadth | I4: Height | K4: Qty. | L4: Units
B5: Center to center distances
B6: Ground Floor
B7: Main walls 300 mm th. in Y Direction
B8: LS Garage | C8: 2 | D8: x | E8: 9.23 | J8: = | K8: =IF(C8,C8*E8,"") -> 18.46 | L8: RM
B9: LS Library | C9: 1 | D9: x | E9: 3.51 | J9: = | K9: =IF(C9,C9*E9,"") -> 3.51 | L9: RM
B10: RS Staircase | C10: 1 | D10: x | E10: 3.97 | J10: = | K10: =IF(C10,C10*E10,"") -> 3.97 | L10: RM
B11: RS Library | C11: 1 | D11: x | E11: 6.86 | J11: = | K11: =IF(C11,C11*E11,"") -> 6.86 | L11: RM
B12: RS Kitchen | C12: 1 | D12: x | E12: 4.58 | J12: = | K12: =IF(C12,C12*E12,"") -> 4.58 | L12: RM
B13: RS Living | C13: 1 | D13: x | E13: 5.19 | J13: = | K13: =IF(C13,C13*E13,"") -> 5.19 | L13: RM
B14: RS Dining | C14: 1 | D14: x | E14: 4.88 | J14: = | K14: =IF(C14,C14*E14,"") -> 4.88 | L14: RM
B15: LS Toilets | C15: 1 | D15: x | E15: 6.41 | J15: = | K15: =IF(C15,C15*E15,"") -> 6.41 | L15: RM
B16: RS Bed | C16: 1 | D16: x | E16: 14.94 | J16: = | K16: =IF(C16,C16*E16,"") -> 14.94 | L16: RM
B17: Platform Front | C17: 2 | D17: x | E17: 0.92 | J17: = | K17: =IF(C17,C17*E17,"") -> 1.84 | L17: RM
B18: Platform Back | C18: 2 | D18: x | E18: 0.61 | J18: = | K18: =IF(C18,C18*E18,"") -> 1.22 | L18: RM
B19: Main walls 300 mm th. in X Direction
B20: Garage | C20: 2 | D20: x | E20: 3.05 | J20: = | K20: =IF(C20,C20*E20,"") -> 6.1 | L20: RM
B21: Library | C21: 1 | D21: x | E21: 3.66 | J21: = | K21: =IF(C21,C21*E21,"") -> 3.66 | L21: RM
B22: Staircase | C22: 1 | D22: x | E22: 2.75 | J22: = | K22: =IF(C22,C22*E22,"") -> 2.75 | L22: RM
B23: Kitchen | C23: 2 | D23: x | E23: 3.97 | J23: = | K23: =IF(C23,C23*E23,"") -> 7.94 | L23: RM
B24: Living | C24: 3 | D24: x | E24: 4.27 | J24: = | K24: =IF(C24,C24*E24,"") -> 12.81 | L24: RM
B25: Bed | C25: 4 | D25: x | E25: 4.27 | J25: = | K25: =IF(C25,C25*E25,"") -> 17.08 | L25: RM
B26: Platform Front | C26: 1 | D26: x | E26: 2.75 | J26: = | K26: =IF(C26,C26*E26,"") -> 2.75 | L26: RM
B27: Platform Back | C27: 1 | D27: x | E27: 4.27 | J27: = | K27: =IF(C27,C27*E27,"") -> 4.27 | L27: RM
I28: TOTAL | J28: = | K28: =SUM(K8:K27) -> 129.22 | L28: RM
B29: First Floor
B30: Main walls 300 mm th. in X &Y Direction
B31: LS Bed | C31: 2 | D31: x | E31: 6.41 | J31: = | K31: =IF(C31,C31*E31,"") -> 12.82 | L31: RM
B32: Bed | C32: 1 | D32: x | E32: 4.58 | J32: = | K32: =IF(C32,C32*E32,"") -> 4.58 | L32: RM
I33: TOTAL | J33: = | K33: =SUM(K31:K32) -> 17.4 | L33: RM
B34: PARAPET WALL300 MM
B35: FF | C35: 2 | D35: x | E35: 12.35 | J35: = | K35: =IF(C35,C35*E35,"") -> 24.7 | L35: RM
C36: 2 | D36: x | E36: 8.23 | J36: = | K36: =IF(C36,C36*E36,"") -> 16.46 | L36: RM
B37: GF | C37: 2 | D37: x | E37: 13.42 | J37: = | K37: =IF(C37,C37*E37,"") -> 26.84 | L37: RM
C38: 2 | D38: x | E38: 14.33 | J38: = | K38: =IF(C38,C38*E38,"") -> 28.66 | L38: RM
I39: TOTAL | J39: = | K39: =SUM(K35:K38) -> 96.66 | L39: RM
B40: Brick Partition walls in Y Direction
B41: WC | C41: 1 | D41: x | E41: 1.3 | J41: = | K41: =IF(C41,C41*E41,"") -> 1.3 | L41: RM
B42: Toilet | C42: 1 | D42: x | E42: 1.38 | J42: = | K42: =IF(C42,C42*E42,"") -> 1.38 | L42: RM
B43: Store | C43: 1 | D43: x | E43: 1.22 | J43: = | K43: =IF(C43,C43*E43,"") -> 1.22 | L43: RM
B44: Cup Board | C44: 1 | D44: x | E44: 4.88 | J44: = | K44: =IF(C44,C44*E44,"") -> 4.88 | L44: RM
B45: Bed | C45: 2 | D45: x | E45: 0.77 | J45: = | K45: =IF(C45,C45*E45,"") -> 1.54 | L45: RM
B46: Brick Partition walls in X Direction
B47: Library | C47: 1 | D47: x | E47: 3.66 | J47: = | K47: =IF(C47,C47*E47,"") -> 3.66 | L47: RM
B48: Store | C48: 1 | D48: x | E48: 1.53 | J48: = | K48: =IF(C48,C48*E48,"") -> 1.53 | L48: RM
B49: Dressing | C49: 4 | D49: x | E49: 3.05 | J49: = | K49: =IF(C49,C49*E49,"") -> 12.2 | L49: RM
B50: Cup Board | C50: 6 | D50: x | E50: 2.75 | J50: = | K50: =IF(C50,C50*E50,"") -> 16.5 | L50: RM
C51: 12 | D51: x | E51: 0.61 | J51: = | K51: =IF(C51,C51*E51,"") -> 7.32 | L51: RM
B52: Flower Bed/ Box | C52: 2 | D52: x | E52: 3.36 | J52: = | K52: =IF(C52,C52*E52,"") -> 6.72 | L52: RM
I53: TOTAL | J53: = | K53: =SUM(K41:K52) -> 58.25 | L53: RM
B54: Brick Partition walls in First Floor
B55: Toilet | C55: 3 | D55: x | E55: 3.66 | J55: = | K55: =IF(C55,C55*E55,"") -> 10.98 | L55: RM
B56: RS Toilet | C56: 2 | D56: x | E56: 5.19 | J56: = | K56: =IF(C56,C56*E56,"") -> 10.38 | L56: RM
B57: CB | C57: 1 | D57: x | E57: 0.6 | J57: = | K57: =IF(C57,C57*E57,"") -> 0.6 | L57: RM
B58: RS Toilet | C58: 3 | D58: x | E58: 1.95 | J58: = | K58: =IF(C58,C58*E58,"") -> 5.85 | L58: RM
I59: TOTAL | J59: = | K59: =SUM(K55:K58) -> 27.81 | L59: RM
A60: 1 | B60: Earth work in excavation in foundation trenches or drains including dressing of sides and ramming of bottoms, lift upto 1.5 Mtr. including taking out the excavated soil and depositing and refilling of Jhiri with watering and ramming and disposal of surplus excavated soil as directed within a lead of 50 m. Hard soil mixed with boulders
B61: Main walls 300mm thick | C61: 1 | D61: x | E61: =K28 -> 129.22 | F61: x | G61: 0.9 | H61: x | I61: 0.9 | J61: = | K61: =IF(C61,C61*E61*G61*I61,"") -> 104.6682 | L61: Cum
B62: Partition walls | C62: 1 | D62: x | E62: =K53 -> 58.25 | F62: x | G62: 0.6 | H62: x | I62: 0.6 | J62: = | K62: =IF(C62,C62*E62*G62*I62,"") -> 20.97 | L62: Cum
B63: Steps at entrance | C63: 2 | D63: x | E63: 1.5 | F63: x | G63: 1.2 | H63: x | I63: 0.6 | J63: = | K63: =IF(C63,C63*E63*G63*I63,"") -> 2.16 | L63: Cum
B64: Gross qty. | G64: Total | J64: = | K64: =SUM(K61:K63) -> 127.7982 | L64: Cum
B65: Gross Qty. In Main Walls | K65: =K61 -> 104.6682 | L65: Cum
B66: Gross Qty. In Partition Walls | K66: =K62 -> 20.97 | L66: Cum
B67: Net Qty 50% | C67: =$K64 -> 127.7982 | F67: x | G67: 0.5 | K67: =C67*G67 -> 63.8991 | L67: Cum
A68: =A60+1 -> 2 | B68: Earth work in excavation in foundation trenches or drains including dressing of sides and ramming of bottoms, lift upto 1.5 Mtr. including taking out the excavated soil and depositing and refilling of Jhiri with watering and ramming and disposal of surplus excavated soil as directed within a lead of 50 m. including stacking material available.
B69: (a) Decomposed Rock
B70: Net Qty 20% | C70: =$K64 -> 127.7982 | F70: x | G70: 0.2 | K70: =C70*G70 -> 25.55964 | L70: Cum
B71: (b) Ordinary Rock
B72: Net Qty 20% | C72: =C70 -> 127.7982 | F72: x | G72: 0.2 | K72: =C72*G72 -> 25.55964 | L72: Cum
B73: (c) Phylite Rock
B74: Net Qty 10% | C74: =C72 -> 127.7982 | F74: x | G74: 0.1 | K74: =C74*G74 -> 12.77982 | L74: Cum
A75: 3 | B75: Filling in plinth available excavated earth (excluding rock) in trenches, plinth side of foundation, etc. in layers not exceeding 20 cm. in depth, consolidating each deposited layer by ramming and watering including lead upto 50 Mtr and lift upto 1.5 Mtr.
B76: Servant Room | C76: 1 | D76: x | E76: 2.55 | F76: x | G76: 1.94 | H76: x | I76: 0.6 | J76: = | K76: =IF(C76,C76*E76*G76*I76,"") -> 2.9682 | L76: Cum
B77: WC | C77: 1 | D77: x | E77: 1.03 | F77: x | G77: 0.5 | H77: x | I77: 0.6 | J77: = | K77: =IF(C77,C77*E77*G77*I77,"") -> 0.309 | L77: Cum
B78: Garage | C78: 1 | D78: x | E78: 2.55 | F78: x | G78: 4.69 | H78: x | I78: 0.6 | J78: = | K78: =IF(C78,C78*E78*G78*I78,"") -> 7.1757 | L78: Cum
B79: Kitchen | C79: 1 | D79: x | E79: 3.47 | F79: x | G79: 3.47 | H79: x | I79: 0.6 | J79: = | K79: =IF(C79,C79*E79*G79*I79,"") -> 7.22454 | L79: Cum
B80: Staircase | C80: 1 | D80: x | E80: 2.4 | F80: x | G80: 1.49 | H80: x | I80: 0.6 | J80: = | K80: =IF(C80,C80*E80*G80*I80,"") -> 2.1456 | L80: Cum
B81: Toilet | C81: 1 | D81: x | E81: 1.33 | F81: x | G81: 0.88 | H81: x | I81: 0.6 | J81: = | K81: =IF(C81,C81*E81*G81*I81,"") -> 0.70224 | L81: Cum
B82: Library | C82: 1 | D82: x | E82: 3.16 | F82: x | G82: 2.55 | H82: x | I82: 0.6 | J82: = | K82: =IF(C82,C82*E82*G82*I82,"") -> 4.8348 | L82: Cum
B83: Verandah | C83: 1 | D83: x | E83: 3.77 | F83: x | G83: 1.33 | H83: x | I83: 0.6 | J83: = | K83: =IF(C83,C83*E83*G83*I83,"") -> 3.00846 | L83: Cum
B84: Platform | C84: 1 | D84: x | E84: 3.77 | F84: x | G84: 1.18 | H84: x | I84: 0.6 | J84: = | K84: =IF(C84,C84*E84*G84*I84,"") -> 2.66916 | L84: Cum
B85: Dining | C85: 1 | D85: x | E85: 3.77 | F85: x | G85: 6.36 | H85: x | I85: 0.6 | J85: = | K85: =IF(C85,C85*E85*G85*I85,"") -> 14.38632 | L85: Cum
B86: Living | C86: 1 | D86: x | E86: 3.77 | F86: x | G86: 4.08 | H86: x | I86: 0.6 | J86: = | K86: =IF(C86,C86*E86*G86*I86,"") -> 9.22896 | L86: Cum
B87: Bed Rm | C87: 1 | D87: x | E87: 3.77 | F87: x | G87: 3.16 | H87: x | I87: 0.6 | J87: = | K87: =IF(C87,C87*E87*G87*I87,"") -> 7.14792 | L87: Cum
... B89: Bed Rm | C89: 1 | D89: x | E89: 3.77 | F89: x | G89: 3.16 | H89: x | I89: 0.6 | J89: = | K89: =IF(C89,C89*E89*G89*I89,"") -> 7.14792 | L89: Cum
G90: Total | J90: = | K90: =SUM(K76:K89) -> 71.69586 | L90: Cum
A91: =A75+1 -> 4 | B91: Earth work in excavation over areas (Exceeding 30 cm in depth, 1.5 m in width as well as 10 Sqm on plan) including disposal of excavated earth , lead upto 50 m and lift upto 1.5 Mtr., disposed soil to be neatly dressed; Hard soil mixed with boulders.
B92: Gross qty. of filling | J92: = | K92: =K90 -> 71.69586 | L92: Cum
B93: Less Qty. soil available
B94: Hard soil mixed with boulders | D94: = | E94: =K67 -> 63.8991 | F94: Cum
B95: Net qty. | E95: =K92 -> 71.69586 | F95: - | G95: =E94 -> 63.8991 | J95: = | K95: =E95-G95 -> 7.79676 | L95: Cum
A97: =A91+1 -> 5 | B97: Carriage of earth including loading, unloading complete with lead 0.50 KM.
B98: Qty. as per item 4 above. | J98: = | K98: =K95 -> 7.79676 | L98: Cum
A99: 6 | B99: Providing and laying Cement concrete including curing compaction etc. complete using stone aggregate 40 mm nominal size in foundation plinth, excluding the cost of shuttering, using : 1 Cement : 4 Sand : 8 aggregate Mix.
B100: Gross Qty. In Main Walls | C100: =K65 -> 104.6682 | F100: x | G100: 0.3 | H100: / | I100: =I61 -> 0.9 | J100: = | K100: =C100*G100/I100 -> 34.8894 | L100: Cum
B101: Gross Qty. In Partition Walls | C101: =K66 -> 20.97 | F101: x | G101: 0.3 | H101: / | I101: =I62 -> 0.6 | J101: = | K101: =C101*G101/I101 -> 10.485 | L101: Cum
G102: Total | K102: =SUM(K100:K101) -> 45.3744 | L102: Cum
...

Sheet sanitary-abs
A1: ='gen-abstract'!A2 -> NAME OF WORK :- Construction of Additional Session Judge Bungalow at Nathdwara
A2: PART 'B' SANITARY & WATER SUPPLY WORK
A3: ABSTRACT OF COST
A4: S.No. | B4: Particulars. | C4: Quantity | E4: Rate | F4: Unit | G4: Amount
A5: 1 | B5: P & F Indian Type white glazed vitreous china Ist quality WC Orissa Pan (IS : 2556 Mark) with 100 mm vitreous china P or S trap including cutting and making good the wall and floor. Size 580x440 mm | C5: 2 | D5: Nos. | E5: 890 | F5: Each | G5: =IF(C5,ROUNDUP(C5*E5,0),"") -> 1780
A6: =A5+1 -> 2 | B6: P & F Flush cock/Flush valve (IS : 9758 Mark) for WC of approved quality make : C.P. Brass concealed 25 mm | C6: 2 | D6: Nos. | E6: 650 | F6: Each | G6: =IF(C6,ROUNDUP(C6*E6,0),"") -> 1300
A7: =IF(A6,A6+1,#REF!+1) -> 3 | B7: P & F WVC wash basin (Ist quality, IS : 2556 Mark) of approved make with C.I. brackets duly painted 1 No. 15 mm C.P. Pillar cock (IS : 8934 Mark) & 32 mm C.P. Brass waste coupling of approved make, 25 mm G.I. waste pipe complete including cutting and making good the wall size 580mmx450mm. | C7: 4 | D7: Nos. | E7: 1250 | F7: Each | G7: =IF(C7,ROUNDUP(C7*E7,0),"") -> 5000
A8: =IF(A7,A7+1,A6+1) -> 4 | B8: P&F beveled edge mirror of special glass of approved make (Atul or equivalent) complete with 6 mm thick Asbestos Cement sheet ground fixed to wooden screws & washers sizes 600 x 450 mm x 4 mm thick. | C8: 4 | D8: Nos. | E8: 210 | F8: Each | G8: =IF(C8,ROUNDUP(C8*E8,0),"") -> 840
A9: =IF(A8,A8+1,A7+1) -> 5 | B9: P & F grating of approved/quality make : Cast iron. | C9: 8 | D9: Nos. | E9: 30 | F9: Each | G9: =IF(C9,ROUNDUP(C9*E9,0),"") -> 240
A10: =IF(A9,A9+1,A8+1) -> 6 | B10: P & F GI Pipes (Internal work) with G.I. fittings (IS : 1239 Mark) & MS clamps, including cutting and making good the wall and floors : | G10: =IF(C10,ROUNDUP(C10*E10,0),"")
A11: A. | B11: 15 mm Dai nominal bore `B’ Class. | C11: =sanitary_MEASUR!K22 -> 45 | D11: RM | E11: 70 | F11: P RM | G11: =IF(C11,ROUNDUP(C11*E11,0),"") -> 3150
A12: B. | B12: 25 mm Dai nominal bore `B’ Class | C12: =sanitary_MEASUR!K27 -> 160.4 | D12: RM | E12: 117 | F12: P RM | G12: =IF(C12,ROUNDUP(C12*E12,0),"") -> 18767
A13: 7 | B13: P & F GI Pipes (External work) with G.I. fittings (IS : 1239 Mark) , including trenching and refilling earth etc. : | G13: =IF(C13,ROUNDUP(C13*E13,0),"")
A14: A. | B14: 25 mm Dai nominal bore `B’ Class. | C14: =sanitary_MEASUR!K32 -> 30 | D14: RM | E14: 98 | F14: P RM | G14: =IF(C14,ROUNDUP(C14*E14,0),"") -> 2940
A15: =A13+1 -> 8 | B15: Making connection of G.I. distribution branch with G.I. main including all fittings . (a) upto 25 mm Dai. | C15: =sanitary_MEASUR!K35 -> 18 | D15: Nos. | E15: 100 | F15: Each | G15: =IF(C15,ROUNDUP(C15*E15,0),"") -> 1800
A16: 9 | B16: P & F Bib Cock (IS : 8931 Mark) superior quality of approved make : Brass 400 gram 15 mm | C16: 15 | D16: Nos. | E16: 120 | F16: Each | G16: =IF(C16,ROUNDUP(C16*E16,0),"") -> 1800
A17: =IF(A16,A16+1,#REF!+1) -> 10 | B17: P & F Stop Cock (IS : 8931 Mark) superior quality of approved make : Brass 400 gram 15 mm | C17: 5 | D17: Nos. | E17: 120 | F17: Each | G17: =IF(C17,ROUNDUP(C17*E17,0),"") -> 600
A18: 11 | B18: P/F full way valve (IS:778 Mark) or wheel valve of approved make: gun metal | G18: =IF(C18,ROUNDUP(C18*E18,0),"")
B19: (A) 15 mm | C19: 2 | D19: Nos. | E19: 150 | F19: Each | G19: =IF(C19,ROUNDUP(C19*E19,0),"") -> 300
B20: (B) 25 mm | C20: 2 | D20: Nos. | E20: 300 | F20: Each | G20: =IF(C20,ROUNDUP(C20*E20,0),"") -> 600
A21: =IF(A18,A18+1,#REF!+1) -> 12 | B21: P & F PVC Storage Tank confirming to IS standards of approved make with cover, 25 mm Dai 1 M long C.I. over flow pipe & 25 cm. long wash out pipe with plug and socket, including making connection, etc. complete of approved design: | G21: =IF(C21,ROUNDUP(C21*E21,0),"")
B22: (A) 1000 (litres capacity). | C22: 4 | D22: Nos. | E22: =5000 -> 5000 | F22: Each | G22: =IF(C22,ROUNDUP(C22*E22,0),"") -> 20000
A23: =IF(A21,A21+1,A18+1) -> 13 | B23: P & F Ball Cock (IS : 1703 Mark) with Rod & PVC Ball complete : | G23: =IF(C23,ROUNDUP(C23*E23,0),"")
B24: (A) Brass wt. 400 gram 15 mm. | C24: 4 | D24: Nos. | E24: 150 | F24: Each | G24: =IF(C24,ROUNDUP(C24*E24,0),"") -> 600
A25: =IF(A23,A23+1,A21+1) -> 14 | B25: Providing and fixing Unplasticized Poly Vinyl Chloride (UPVC) SWR pipes type B for soil and rain and waste discharge system (IS:13592 : 1992 marked) of approved quality/ make including jointing the pipes complete. | G25: =IF(C25,ROUNDUP(C25*E25,0),"")
B26: (A) 110 mm dia. | C26: =sanitary_MEASUR!K59 -> 37.4 | D26: RM | E26: =200 -> 200 | F26: P RM | G26: =IF(C26,ROUNDUP(C26*E26,0),"") -> 7480
A27: 15 | B27: Providing and fixing Unplasticized Poly Vinyl Chloride (UPVC) SWR pipe fittings type B for soil and rain and waste discharge system (IS:13592 : 1992 marked) of approved quality/ make including jointing the pipes complete. | G27: =IF(C27,ROUNDUP(C27*E27,0),"")
A28: A. | B28: 110 mm dia. Offset | C28: 1 | D28: Nos. | E28: 162 | F28: Each | G28: =IF(C28,ROUNDUP(C28*E28,0),"") -> 162
A29: B. | B29: 110 mm dia. Coupler | C29: 5 | D29: Nos. | E29: 62 | F29: Each | G29: =IF(C29,ROUNDUP(C29*E29,0),"") -> 310
A30: C. | B30: 110 mm dia. Single 'Y' with Door | C30: 1 | D30: Nos. | E30: 199 | F30: Each | G30: =IF(C30,ROUNDUP(C30*E30,0),"") -> 199
A31: D. | B31: 100 mm dia. vent Cowl | C31: =sanitary_MEASUR!K64 -> 3 | D31: Nos. | E31: 34 | F31: Each | G31: =IF(C31,ROUNDUP(C31*E31,0),"") -> 102
A32: E. | B32: 110 mm dia. Single 'Y' | C32: 1 | D32: Nos. | E32: 159 | F32: Each | G32: =IF(C32,ROUNDUP(C32*E32,0),"") -> 159
A33: F. | B33: 110 mm dia. door Bend | C33: 1 | D33: Nos. | E33: 111 | F33: Each | G33: =IF(C33,ROUNDUP(C33*E33,0),"") -> 111
A34: G. | B34: 110 mm dia. Bend 87.5 degree. | C34: 1 | D34: Nos. | E34: 89 | F34: Each | G34: =IF(C34,ROUNDUP(C34*E34,0),"") -> 89
A35: 16 | B35: Providing and fixing Spun Cast Iron (SCI ) Floor Trap (Nahni) of (IS : 3789mark) approved quality /make with socket down or hinged grating including cutting and making good the floor :- size 100x100 mm. | C35: 4 | D35: Nos. | E35: 140 | F35: Each | G35: =IF(C35,ROUNDUP(C35*E35,0),"") -> 560
A36: 17 | B36: Construction of manhole in all types of soil inner size 90 x 60 Cm with 300 mm thick masonry in CM 1:6, 10 cm. thick cement concrete 1:5:10 in foundation, 20 mm thick inside plaster in CM 1:6, finished with floating neat cement, 50 mm thick M-15 grade CC flooring, making channels, 80 mm thick stone slab covering with 40 mm thick M-15 grade C.C. flooring, 25 Kg CI cover with frame of 450 mm Dai. earth work etc. Complete as per approved drawing including disposal of surplus earth within a lead of 50 m. | G36: =IF(C36,ROUNDUP(C36*E36,0),"")
B37: (A) Depth upto 0.5 M | C37: 3 | D37: Nos. | E37: 1500 | F37: Each | G37: =IF(C37,ROUNDUP(C37*E37,0),"") -> 4500
B38: (B) Depth 0.5 M to 1.0 M | C38: 3 | D38: Nos. | E38: 2050 | F38: Each | G38: =IF(C38,ROUNDUP(C38*E38,0),"") -> 6150
A39: =IF(A36,A36+1,#REF!+1) -> 18 | B39: Supplying and fixing C.I. cover with frame, C.I. gratings for chambers & man holes. | C39: =sanitary_MEASUR!K72 -> 300 | D39: Kg. | E39: 12 | F39: P Kg. | G39: =IF(C39,ROUNDUP(C39*E39,0),"") -> 3600
A40: 19 | B40: Providing laying and jointing glazed SW pipes Grade `A’ (IS : 651 marked) of approved make with spun yarn & stiff mixture of cement mortar 1:1 excavation and refilling of earth in all types of soil upto 1.2m depth, SW fittings, including testing of joints etc. complete 100 mm dia. | C40: 40 | D40: RM | E40: 95 | F40: P RM | G40: =IF(C40,ROUNDUP(C40*E40,0),"") -> 3800
A41: 20 | B41: Providing & laying CC 1 : 5 : 10 (stone aggregate 40 nominal size) all around SW pipe incl. 15cm thick bed concrete as per Rajasthan PWD specifications (width W=dia of pipe in cm + 40 cm ). 100mm Dai SW pipe | C41: 40 | D41: Rm. | E41: 115 | F41: Per Rm. | G41: =IF(C41,ROUNDUP(C41*E41,0),"") -> 4600
A42: 21 | B42: P & F square mouth gully trap `A’ grade (IS : marked) of approved make complete with CI grating frame & cover, masonry chamber is CM 1:6, 100 mm thick CC 1:5:10 base concrete 40 mm thick CC M-15 grade coping, 12 mm thick cement plaster in CM 1:3 complete as per approved design and type: Internal chamber size 300 x 300 mm | C42: =sanitary_MEASUR!K81 -> 5 | D42: No. | E42: 500 | F42: Each | G42: =IF(C42,ROUNDUP(C42*E42,0),"") -> 2500
A43: 22 | B43: P & F 15 mm Dai. Connection pipe of approved quality / make: PVC pipe 450 mm | C43: 5 | D43: Nos. | E43: 35 | F43: Each | G43: =IF(C43,ROUNDUP(C43*E43,0),"") -> 175
A44: 23 | B44: P & F 1 st quality WVC Urinal (IS: 2556 mark), with 25mm dia G.I. waste pipe, couplings, concealed iron brackets or screws etc. : Flat Back (small) size 456 x 355 X 265 mm. | C44: 4 | D44: Nos. | E44: 450 | F44: Each | G44: =IF(C44,ROUNDUP(C44*E44,0),"") -> 1800
A45: 25 | B45: P & F Towel rail or ring of approved quality/ make: CP brass towel rail with brackets 450 x 20 mm. | C45: 5 | D45: Nos. | E45: 150 | F45: Each | G45: =IF(C45,E45*C45,"") -> 750
A46: 26 | B46: P & F European type white glazed vitreous china 1st quality W.C. pan (I.S.:2556 mark) P or S trap including cutting and making good the wall and floor. | C46: 3 | D46: Nos. | E46: 2800 | F46: Each | G46: =IF(C46,E46*C46,"") -> 8400
A47: 27 | B47: P & F water closet seat covers with brass hinges complete :Solid PVC (ISI marked) grade-1 black for EWC | C47: 3 | D47: Nos. | E47: 240 | F47: Each | G47: =IF(C47,E47*C47,"") -> 720
A48: 28 | B48: P & F automatic flushing cistern of Ist quality (IS : 774 mark) of approved make with fitting, syphon with copper tube, C.I. Brackets complete including cutting and making good the wall : White vitreous china 5 ltr. | C48: 3 | D48: Nos. | E48: 635 | F48: Each | G48: =IF(C48,E48*C48,"") -> 1905
A49: 29 | B49: Construction of Septic tank in all types of soil with 40 mm thick masonry in CM 1:6, 15 cm thick cement concrete bed 1:5:10, M-15 grade C.C. flooring, & over stone slab covering 80mm thick slab, jointing of slab covering 80mm thick slab in C.M. 1:3 Ralthal, Kharanja, 50 mm thick stone partition walls, 20 mm thick plaster in C.M. 1:6 finished with neat floating cement, 4 Nos. C.I. foot rests of approved design, two No. 450 mm dia 25 Kg. each C.I. cover with frame, earthwork etc. complete as per approved drawing including disposal of surplus earth within 50 mtr. lead. Size 400 x 140 x 150 cm (for 50 users) | C49: 1 | D49: Nos. | E49: 15200 | F49: Each | G49: =IF(C49,E49*C49,"") -> 15200
A50: 30 | B50: Construction of Soakage well in all types of soil 300 mm thick dry stone masonry top and bottom 300 mm course in Cm. 1:6 80mm thick stone slab, jointing of slab in CM 1:3, Ralthal, Kharanja, 40mm thick, M-15 grade C.C. flooring, earthwork complete as per approved drawings including disposal of earth within a lead of 50 m. Size 300 cm. Dia outside & 300 Cm. Depth. | C50: 1 | D50: Nos. | E50: 5000 | F50: Each | G50: =IF(C50,E50*C50,"") -> 5000
D51: Total | F51: Rs. | G51: =SUM(G5:G50) -> 127989
B54: ASSISTANT ENGINEER, | D54: EXECUTIVE ENGINEER,
B55: P.W.D. Sub Div.- NATHDWARA | D55: P.W.D. Div.- RAJSAMAND

Sheet sanitary_MEASUR
A1: ='gen-abstract'!A2 -> NAME OF WORK :- Construction of Additional Session Judge Bungalow at Nathdwara
A2: PART 'B' SANITARY & WATER SUPPLY WORK
A3: DETAILS OF MEASUREMENTS
A4: S.N. | B4: Particulars | C4: Nos. | E4: Length | G4: Breadth | I4: Height | K4: Qty. | L4: Units
A5: 1 | B5: P & F Indian Type white glazed vitreous china Ist quality WC Orissa Pan (IS : 2556 Mark) with 100 mm vitreous china P or S trap including cutting and making good the wall and floor. Size 580x440 mm
C6: 6 | D6: x | E6: 1 | J6: =IF(K6,"=","") -> = | K6: =C6*E6 -> 6 | L6: Nos.
A7: =A5+1 -> 2 | B7: P & F Flush cock/Flush valve (IS : 9758 Mark) for WC of approved quality make : C.P. Brass concealed 25 mm | J7: =IF(K7,"=","")
C8: 6 | D8: x | E8: 1 | J8: =IF(K8,"=","") -> = | K8: =C8*E8 -> 6 | L8: Nos.
H9: Total | J9: =IF(K9,"=","") -> = | K9: =SUM(K8:K8) -> 6 | L9: Nos.
A10: =IF(A7,A7+1,A5+1) -> 3 | J10: =IF(K10,"=","")
C11: 5 | D11: x | E11: 1 | J11: =IF(K11,"=","") -> = | K11: =C11*E11 -> 5 | L11: Nos.
H12: Total | J12: =IF(K12,"=","") -> = | K12: =SUM(K11:K11) -> 5 | L12: Nos.
A13: =IF(A10,A10+1,A7+1) -> 4 | B13: P&F beveled edge mirror of special glass of approved make (Atul or equivalent) complete with 6 mm thick Asbestos Cement sheet ground fixed to wooden screws & washers sizes 600 x 450 mm x 4 mm thick. | C13: =K12 -> 5 | D13: x | E13: 1 | J13: =IF(K13,"=","") -> = | K13: =C13*E13 -> 5 | L13: Nos.
A15: 5 | B15: P & F grating of approved/quality make : Cast iron. | J15: =IF(K15,"=","")
B16: G.F. | C16: 11 | D16: x | E16: 1 | J16: =IF(K16,"=","") -> = | K16: =C16*E16 -> 11 | L16: Nos.
H17: Total | J17: =IF(K17,"=","") -> = | K17: =SUM(K16:K16) -> 11 | L17: Nos.
A18: 6 | B18: P & F GI Pipes (Internal work) with G.I. fittings (IS : 1239 Mark) & MS clamps, including cutting and making good the walls and floors : | J18: =IF(K18,"=","")
A19: A. | B19: 15 mm dia nominal bore `B’ Class. | J19: =IF(K19,"=","")
B20: W.C. Internal plumbing | C20: 5 | D20: x | E20: 4.5 | J20: =IF(K20,"=","") -> = | K20: =C20*E20 -> 22.5 | L20: RM
B21: W.B. Internal plumbing | C21: 5 | D21: x | E21: 4.5 | J21: =IF(K21,"=","") -> = | K21: =C21*E21 -> 22.5 | L21: RM
H22: Total | J22: =IF(K22,"=","") -> = | K22: =SUM(K19:K21) -> 45 | L22: RM
A23: B. | B23: 25 mm dia nominal bore `B’ Class | J23: =IF(K23,"=","")
B24: Uptake pipes | C24: 4 | D24: x | E24: 16.8 | J24: =IF(K24,"=","") -> = | K24: =C24*E24 -> 67.2 | L24: RM
B25: Down take | C25: 4 | D25: x | E25: 14.6 | J25: =IF(K25,"=","") -> = | K25: =C25*E25 -> 58.4 | L25: RM
B26: Down take for W.C. | C26: 4 | D26: x | E26: 8.7 | J26: =IF(K26,"=","") -> = | K26: =C26*E26 -> 34.8 | L26: RM
H27: Total | J27: =IF(K27,"=","") -> = | K27: =SUM(K23:K26) -> 160.4 | L27: RM
A28: =A18+1 -> 7 | B28: P & F GI Pipes (External work) with G.I. fittings (IS : 1239 Mark) , including trenching and refilling earth etc. : | J28: =IF(K28,"=","")
A29: A. | B29: 25 mm dia nominal bore `B’ Class. | J29: =IF(K29,"=","")
B30: From OHT/ Sump | C30: 1 | D30: x | E30: 10 | J30: =IF(K30,"=","") -> = | K30: =C30*E30 -> 10 | L30: RM
B31: Ring main | C31: 2 | D31: x | E31: 10 | J31: =IF(K31,"=","") -> = | K31: =C31*E31 -> 20 | L31: RM
H32: Total | J32: =IF(K32,"=","") -> = | K32: =SUM(K30:K31) -> 30 | L32: RM
A33: =A28+1 -> 8 | B33: Making connection of G.I. distribution branch with G.I. main including all fittings . (a) upto 25 mm dia. | J33: =IF(K33,"=","")
B34: Toilets | C34: 6 | D34: x | E34: 3 | J34: =IF(K34,"=","") -> = | K34: =C34*E34 -> 18 | L34: Nos.
H35: Total | J35: =IF(K35,"=","") -> = | K35: =SUM(K34:K34) -> 18 | L35: Nos.
A36: =A33+1 -> 9 | B36: P & F Bib Cock (IS : 8931 Mark) superior quality of approved make : Brass 400 gram 15 mm | J36: =IF(K36,"=","")
B37: W.C. | C37: 12 | D37: x | E37: 1 | J37: =IF(K37,"=","") -> = | K37: =C37*E37 -> 12 | L37: Nos.
B38: Court Yard | C38: 6 | D38: x | E38: 1 | J38: =IF(K38,"=","") -> = | K38: =C38*E38 -> 6 | L38: Nos.
H39: Total | J39: =IF(K39,"=","") -> = | K39: =SUM(K37:K38) -> 18 | L39: Nos.
A40: =IF(A36,A36+1,#REF!+1) -> 10 | B40: P & F Stop Cock (IS : 8931 Mark) superior quality of approved make : Brass 400 gram 15 mm | J40: =IF(K40,"=","")
B41: W.B. | C41: 5 | D41: x | E41: 1 | J41: =IF(K41,"=","") -> = | K41: =C41*E41 -> 5 | L41: Nos.
H42: Total | J42: =IF(K42,"=","") -> = | K42: =SUM(K41:K41) -> 5 | L42: Nos.
A43: 11 | B43: P/F full way valve (IS:778 Mark) or wheel valve of approved make: gun metal | J43: =IF(K43,"=","")
B44: (A) 15 mm | J44: =IF(K44,"=","")
B45: G.F. units | C45: 6 | D45: x | E45: 1 | J45: =IF(K45,"=","") -> = | K45: =C45*E45 -> 6 | L45: Nos.
H46: Total | J46: =IF(K46,"=","") -> = | K46: =SUM(K45) -> 6 | L46: Nos.
B47: (B) 25 mm | J47: =IF(K47,"=","")
B48: Tanks | C48: 6 | D48: x | E48: 1 | J48: =IF(K48,"=","") -> = | K48: =C48*E48 -> 6 | L48: Nos.
H49: Total | J49: =IF(K49,"=","") -> = | K49: =SUM(K48:K48) -> 6 | L49: Nos.
A50: =IF(A43,A43+1,#REF!+1) -> 12 | B50: P & F PVC Storage Tank confirming to IS standards of approved make with cover, 25 mm dia 1 M long C.I. over flow pipe & 25 cm. long wash out pipe with plug and socket, including making connection, etc. complete of approved design: | J50: =IF(K50,"=","")
B51: (A) 1000 (litres capacity). | C51: 6 | D51: x | E51: 1 | J51: =IF(K51,"=","") -> = | K51: =C51*E51 -> 6 | L51: Nos.
A52: =IF(A50,A50+1,A43+1) -> 13 | B52: P & F Ball Cock (IS : 1703 Mark) with Rod & PVC Ball complete : | J52: =IF(K52,"=","")
B53: (A) Brass wt. 400 gram 15 mm. | C53: 6 | D53: x | E53: 1 | J53: =IF(K53,"=","") -> = | K53: =C53*E53 -> 6 | L53: Nos.
A54: =IF(A52,A52+1,A50+1) -> 14 | J54: =IF(K54,"=","")
B55: (A) 110 mm dia.
B56: Horizontal Internal | J56: =IF(K56,"=","")
B57: W.C. | C57: 12 | D57: x | E57: 2.2 | J57: =IF(K57,"=","") -> = | K57: =C57*E57 -> 26.4 | L57: RM
B58: W.B. | C58: 5 | D58: x | E58: 2.2 | J58: =IF(K58,"=","") -> = | K58: =C58*E58 -> 11 | L58: RM
H59: Total | J59: =IF(K59,"=","") -> = | K59: =SUM(K57:K58) -> 37.4 | L59: RM
A60: 15 | B60: Providing and fixing Unplasticized Poly Vinyl Chloride (UPVC) SWR pipe fittings type B for soil and rain and waste discharge system (IS:13592 : 1992 marked) of approved quality/ make including jointing the pipes complete. | J60: =IF(K60,"=","")
A61: A. | B61: 110 mm dia. Offset | C61: 1 | D61: x | E61: 1 | J61: =IF(K61,"=","") -> = | K61: =C61*E61 -> 1 | L61: Nos.
A62: B. | B62: 110 mm dia. Coupler | C62: 5 | D62: x | E62: 1 | J62: =IF(K62,"=","") -> = | K62: =C62*E62 -> 5 | L62: Nos.
A63: C. | B63: 110 mm dia. Single 'Y' with Door | C63: 1 | D63: x | E63: 1 | J63: =IF(K63,"=","") -> = | K63: =C63*E63 -> 1 | L63: Nos.
A64: D. | B64: 100 mm dia. vent Cowl | C64: 3 | D64: x | E64: 1 | J64: =IF(K64,"=","") -> = | K64: =C64*E64 -> 3 | L64: Nos.
A65: E. | B65: 110 mm dia. Single 'Y' | C65: 1 | D65: x | E65: 1 | J65: =IF(K65,"=","") -> = | K65: =C65*E65 -> 1 | L65: Nos.
A66: F. | B66: 110 mm dia. door Bend | C66: 1 | D66: x | E66: 1 | J66: =IF(K66,"=","") -> = | K66: =C66*E66 -> 1 | L66: Nos.
A67: G. | B67: 110 mm dia. Bend 87.5 degree. | C67: 1 | D67: x | E67: 1 | J67: =IF(K67,"=","") -> = | K67: =C67*E67 -> 1 | L67: Nos.
A68: =A60+1 -> 16 | B68: Providing and fixing Spun Cast Iron (SCI ) Floor Trap (Nahni) of (IS : 3789mark) approved quality /make with socket down or hinged grating including cutting and making good the floor :- size 100x100 mm. | C68: 6 | D68: x | E68: 1 | J68: =IF(K68,"=","") -> = | K68: =C68*E68 -> 6 | L68: Nos.
A69: 17 | B69: Construction of manhole in all types of soil inner size 90 x 60 Cm with 300 mm thick masonry in CM 1:6, 10 cm. thick cement concrete 1:5:10 in foundation, 20 mm thick inside plaster in CM 1:6, finished with floating neat cement, 50 mm thick M-15 grade CC flooring, making channels, 80 mm thick stone slab covering with 40 mm thick M-15 grade C.C. flooring, 25 Kg CI cover with frame of 450 mm dia. earth work etc. Complete as per approved drawing including disposal of surplus earth within a lead of 50 m | J69: =IF(K69,"=","")
B70: (A) Depth upto 0.5 M | C70: 6 | D70: x'. | E70: 1 | J70: =IF(K70,"=","") -> = | K70: =C70*E70 -> 6 | L70: Nos.
B71: (B) Depth 0.5 M to 1.0 M | C71: 6 | D71: x | E71: 1 | J71: =IF(K71,"=","") -> = | K71: =C71*E71 -> 6 | L71: Nos.
A72: =IF(A69,A69+1,#REF!+1) -> 18 | B72: S & F C.I. cover with frame, C.I. gratings for chambers & man holes. | C72: 12 | D72: x | E72: 25 | J72: =IF(K72,"=","") -> = | K72: =C72*E72 -> 300 | L72: Kg.
J73: =IF(K73,"=","")
A74: =A72+1 -> 19 | B74: Providing laying and jointing glazed SW pipes Grade `A’ (IS : 651 marked) of approved make with spun yarn & stiff mixture of cement mortar 1:1 excavation and refilling of earth in all types of soil upto 1.2m depth, SW fittings, including testing of joints etc. complete 100 mm dia. | J74: =IF(K74,"=","")
B75: Horizontal External | J75: =IF(K75,"=","")
B76: Left Line | C76: 2 | D76: x | E76: 85 | J76: =IF(K76,"=","") -> = | K76: =C76*E76 -> 170 | L76: RM
B77: Back Line | C77: 1 | D77: x | E77: 55 | J77: =IF(K77,"=","") -> = | K77: =C77*E77 -> 55 | L77: RM
B78: To ST | C78: 1 | D78: x | E78: 18 | J78: =IF(K78,"=","") -> = | K78: =C78*E78 -> 18 | L78: RM
H79: Total | J79: =IF(K79,"=","") -> = | K79: =SUM(K76:K78) -> 243 | L79: RM
A80: =A74+1 -> 20 | B80: Providing & laying CC 1 : 5 : 10 (stone aggregate 40 nominal size) all around SW pipe incl. 15cm thick bed concrete as per Rajasthan PWD specifications (width W=dia of pipe in cm + 40 cm ). 100mm dia SW pipe | J80: =IF(K80,"=","") -> = | K80: =K79 -> 243 | L80: RM
A81: =A80+1 -> 21 | B81: P & F square mouth gully trap `A’ grade (IS : marked) of approved make complete with CI grating frame & cover, masonry chamber is CM 1:6, 100 mm thick CC 1:5:10 base concrete 40 mm thick CC M-15 grade coping, 12 mm thick cement plaster in CM 1:3 complete as per approved design and type: Trap size 150 x 100 mm, 7.20 Kg C.I. cover with frame . Internal chamber size 300 x 300 mm | C81: 5 | D81: x | E81: 1 | J81: =IF(K81,"=","") -> = | K81: =C81*E81 -> 5 | L81: Nos.
J82: =IF(K82,"=","")
A83: 22 | B83: P & F 15 mm dia. Connection pipe of approved quality / make: PVC pipe 450 mm | C83: 11 | D83: x | E83: 1 | J83: =IF(K83,"=","") -> = | K83: =C83*E83 -> 11 | L83: Nos.
B85: ASSISTANT ENGINEER, | K85: EXECUTIVE ENGINEER,
B86: P.W.D. Sub Div.- NATHDWARA | K86: P.W.D. Div.- RAJSAMAND
